,id
0,ISIC_0015641
1,ISIC_0016066
2,ISIC_0011085
3,ISIC_0013606
4,ISIC_0014366
5,ISIC_0000197
6,ISIC_0000156
7,ISIC_0013772
8,ISIC_0000324
9,ISIC_0014127
10,ISIC_0007528
11,ISIC_0010332
12,ISIC_0002975
13,ISIC_0010185
14,ISIC_0000522
15,ISIC_0012179
16,ISIC_0012207
17,ISIC_0000240
18,ISIC_0000354
19,ISIC_0014470
20,ISIC_0013972
21,ISIC_0014273
22,ISIC_0011102
23,ISIC_0013365
24,ISIC_0013782
25,ISIC_0010357
26,ISIC_0014723
27,ISIC_0014546
28,ISIC_0009972
29,ISIC_0014820
30,ISIC_0015018
31,ISIC_0000098
32,ISIC_0001960
33,ISIC_0014830
34,ISIC_0012330
35,ISIC_0015224
36,ISIC_0011356
37,ISIC_0013958
38,ISIC_0011317
39,ISIC_0013294
40,ISIC_0000260
41,ISIC_0010477
42,ISIC_0009533
43,ISIC_0013911
44,ISIC_0015607
45,ISIC_0001191
46,ISIC_0014001
47,ISIC_0013984
48,ISIC_0000474
49,ISIC_0012961
50,ISIC_0009991
51,ISIC_0000176
52,ISIC_0015130
53,ISIC_0000060
54,ISIC_0014394
55,ISIC_0010858
56,ISIC_0000374
57,ISIC_0013987
58,ISIC_0000066
59,ISIC_0010226
60,ISIC_0012233
61,ISIC_0015264
62,ISIC_0014844
63,ISIC_0009860
64,ISIC_0010571
65,ISIC_0014815
66,ISIC_0015125
67,ISIC_0012669
68,ISIC_0011098
69,ISIC_0012665
70,ISIC_0014769
71,ISIC_0012956
72,ISIC_0011382
73,ISIC_0010844
74,ISIC_0014150
75,ISIC_0013599
76,ISIC_0012335
77,ISIC_0010017
78,ISIC_0013691
79,ISIC_0000140
80,ISIC_0015947
81,ISIC_0014743
82,ISIC_0011352
83,ISIC_0016070
84,ISIC_0010593
85,ISIC_0000049
86,ISIC_0000247
87,ISIC_0010219
88,ISIC_0013325
89,ISIC_0000341
90,ISIC_0010037
91,ISIC_0010028
92,ISIC_0012303
93,ISIC_0015645
94,ISIC_0010849
95,ISIC_0014755
96,ISIC_0000278
97,ISIC_0014163
98,ISIC_0002976
99,ISIC_0010093
100,ISIC_0013511
101,ISIC_0013553
102,ISIC_0013610
103,ISIC_0015007
104,ISIC_0013277
105,ISIC_0013998
106,ISIC_0013039
107,ISIC_0009965
108,ISIC_0010171
109,ISIC_0006940
110,ISIC_0013026
111,ISIC_0014151
112,ISIC_0014962
113,ISIC_0014955
114,ISIC_0010596
115,ISIC_0013052
116,ISIC_0000192
117,ISIC_0012810
118,ISIC_0000126
119,ISIC_0016040
120,ISIC_0012939
121,ISIC_0007796
122,ISIC_0000380
123,ISIC_0014049
124,ISIC_0014794
125,ISIC_0000013
126,ISIC_0015057
127,ISIC_0006800
128,ISIC_0015166
129,ISIC_0000199
130,ISIC_0014099
131,ISIC_0010005
132,ISIC_0012406
133,ISIC_0000006
134,ISIC_0014502
135,ISIC_0015279
136,ISIC_0012671
137,ISIC_0012837
138,ISIC_0011341
139,ISIC_0014132
140,ISIC_0014851
141,ISIC_0012253
142,ISIC_0014139
143,ISIC_0014783
144,ISIC_0001105
145,ISIC_0013529
146,ISIC_0015965
147,ISIC_0003346
148,ISIC_0012246
149,ISIC_0015985
150,ISIC_0000097
151,ISIC_0000172
152,ISIC_0000294
153,ISIC_0014911
154,ISIC_0000217
155,ISIC_0000419
156,ISIC_0009954
157,ISIC_0005787
158,ISIC_0001140
159,ISIC_0014915
160,ISIC_0000447
161,ISIC_0012901
162,ISIC_0004309
163,ISIC_0010334
164,ISIC_0011121
165,ISIC_0016061
166,ISIC_0000469
167,ISIC_0015309
168,ISIC_0012109
169,ISIC_0011139
170,ISIC_0013192
171,ISIC_0010319
172,ISIC_0013383
173,ISIC_0014931
174,ISIC_0000307
175,ISIC_0015559
176,ISIC_0013709
177,ISIC_0014108
178,ISIC_0012089
179,ISIC_0000491
180,ISIC_0011177
181,ISIC_0000089
182,ISIC_0009964
183,ISIC_0015946
184,ISIC_0012710
185,ISIC_0015455
186,ISIC_0012210
187,ISIC_0008541
188,ISIC_0012737
189,ISIC_0013656
190,ISIC_0009899
191,ISIC_0000298
192,ISIC_0000221
193,ISIC_0010380
194,ISIC_0011083
195,ISIC_0000145
196,ISIC_0013459
197,ISIC_0000336
198,ISIC_0000352
199,ISIC_0014027
200,ISIC_0010244
201,ISIC_0013651
202,ISIC_0016004
203,ISIC_0005548
204,ISIC_0000434
205,ISIC_0012701
206,ISIC_0009936
207,ISIC_0012191
208,ISIC_0007475
209,ISIC_0011322
210,ISIC_0010457
211,ISIC_0014792
212,ISIC_0003462
213,ISIC_0013783
214,ISIC_0015232
215,ISIC_0001186
216,ISIC_0013172
217,ISIC_0001374
218,ISIC_0013031
219,ISIC_0014585
220,ISIC_0000136
221,ISIC_0010267
222,ISIC_0012489
223,ISIC_0011137
224,ISIC_0011393
225,ISIC_0010481
226,ISIC_0000466
227,ISIC_0015593
228,ISIC_0012378
229,ISIC_0014992
230,ISIC_0013806
231,ISIC_0014032
232,ISIC_0000315
233,ISIC_0014511
234,ISIC_0013314
235,ISIC_0014897
236,ISIC_0013173
237,ISIC_0013437
238,ISIC_0015206
239,ISIC_0012911
240,ISIC_0013678
241,ISIC_0002673
242,ISIC_0006021
243,ISIC_0000473
244,ISIC_0014600
245,ISIC_0014574
246,ISIC_0011204
247,ISIC_0014722
248,ISIC_0012481
249,ISIC_0010205
250,ISIC_0015109
251,ISIC_0010036
252,ISIC_0013836
253,ISIC_0000151
254,ISIC_0000355
255,ISIC_0015986
256,ISIC_0012855
257,ISIC_0013124
258,ISIC_0015966
259,ISIC_0000297
260,ISIC_0014932
261,ISIC_0011202
262,ISIC_0014617
263,ISIC_0012413
264,ISIC_0006651
265,ISIC_0011349
266,ISIC_0000124
267,ISIC_0014677
268,ISIC_0012282
269,ISIC_0003539
270,ISIC_0012273
271,ISIC_0015937
272,ISIC_0000391
273,ISIC_0013047
274,ISIC_0014221
275,ISIC_0015245
276,ISIC_0011128
277,ISIC_0009874
278,ISIC_0010851
279,ISIC_0000494
280,ISIC_0011227
281,ISIC_0009998
282,ISIC_0013065
283,ISIC_0011330
284,ISIC_0015443
285,ISIC_0004346
286,ISIC_0014336
287,ISIC_0010078
288,ISIC_0016011
289,ISIC_0012266
290,ISIC_0013801
291,ISIC_0012160
292,ISIC_0013378
293,ISIC_0000086
294,ISIC_0013799
295,ISIC_0000327
296,ISIC_0009920
297,ISIC_0015283
298,ISIC_0000015
299,ISIC_0013835
300,ISIC_0011176
301,ISIC_0013767
302,ISIC_0013819
303,ISIC_0014131
304,ISIC_0015951
305,ISIC_0000542
306,ISIC_0016064
307,ISIC_0010043
308,ISIC_0000293
309,ISIC_0000170
310,ISIC_0000292
311,ISIC_0014583
312,ISIC_0009953
313,ISIC_0013302
314,ISIC_0000045
315,ISIC_0015142
316,ISIC_0012981
317,ISIC_0000392
318,ISIC_0010339
319,ISIC_0011123
320,ISIC_0013488
321,ISIC_0000120
322,ISIC_0015955
323,ISIC_0010229
324,ISIC_0010496
325,ISIC_0013844
326,ISIC_0001367
327,ISIC_0000282
328,ISIC_0005247
329,ISIC_0013918
330,ISIC_0000461
331,ISIC_0012384
332,ISIC_0008507
333,ISIC_0000250
334,ISIC_0016008
335,ISIC_0010047
336,ISIC_0000226
337,ISIC_0014998
338,ISIC_0000277
339,ISIC_0000024
340,ISIC_0015060
341,ISIC_0011166
342,ISIC_0011300
343,ISIC_0009945
344,ISIC_0013797
345,ISIC_0012897
346,ISIC_0015201
347,ISIC_0013898
348,ISIC_0000366
349,ISIC_0012720
350,ISIC_0013455
351,ISIC_0000026
352,ISIC_0012852
353,ISIC_0011156
354,ISIC_0001242
355,ISIC_0000348
356,ISIC_0000500
357,ISIC_0016029
358,ISIC_0011151
359,ISIC_0014576
360,ISIC_0013702
361,ISIC_0016043
362,ISIC_0012348
363,ISIC_0000146
364,ISIC_0014253
365,ISIC_0013456
366,ISIC_0015395
367,ISIC_0013597
368,ISIC_0010067
369,ISIC_0002885
370,ISIC_0015013
371,ISIC_0012806
372,ISIC_0009906
373,ISIC_0010848
374,ISIC_0010088
375,ISIC_0016035
376,ISIC_0012659
377,ISIC_0010063
378,ISIC_0014725
379,ISIC_0013862
380,ISIC_0000068
381,ISIC_0012203
382,ISIC_0006193
383,ISIC_0000157
384,ISIC_0015482
385,ISIC_0014144
386,ISIC_0016058
387,ISIC_0015173
388,ISIC_0014513
389,ISIC_0011205
390,ISIC_0015258
391,ISIC_0013577
392,ISIC_0012708
393,ISIC_0013079
394,ISIC_0009948
395,ISIC_0012137
396,ISIC_0013737
397,ISIC_0015056
398,ISIC_0001442
399,ISIC_0012473
400,ISIC_0009504
401,ISIC_0009879
402,ISIC_0013588
403,ISIC_0010576
404,ISIC_0010191
405,ISIC_0014187
406,ISIC_0003056
407,ISIC_0000030
408,ISIC_0015011
409,ISIC_0013340
410,ISIC_0000518
411,ISIC_0014814
412,ISIC_0012521
413,ISIC_0010584
414,ISIC_0013969
415,ISIC_0012400
416,ISIC_0000153
417,ISIC_0014454
418,ISIC_0014423
419,ISIC_0001247
420,ISIC_0012415
421,ISIC_0012722
422,ISIC_0010467
423,ISIC_0013997
424,ISIC_0000007
425,ISIC_0012495
426,ISIC_0011324
427,ISIC_0013334
428,ISIC_0000442
429,ISIC_0014773
430,ISIC_0000388
431,ISIC_0014327
432,ISIC_0010337
433,ISIC_0010570
434,ISIC_0015180
435,ISIC_0010186
436,ISIC_0008256
437,ISIC_0000087
438,ISIC_0000319
439,ISIC_0013258
440,ISIC_0000379
441,ISIC_0011328
442,ISIC_0015311
443,ISIC_0000069
444,ISIC_0000255
445,ISIC_0014103
446,ISIC_0013600
447,ISIC_0010222
448,ISIC_0013191
449,ISIC_0015404
450,ISIC_0000420
451,ISIC_0001102
452,ISIC_0002287
453,ISIC_0000220
454,ISIC_0011211
455,ISIC_0015216
456,ISIC_0000036
457,ISIC_0015625
458,ISIC_0013189
459,ISIC_0014779
460,ISIC_0010589
461,ISIC_0013227
462,ISIC_0015485
463,ISIC_0000306
464,ISIC_0016053
465,ISIC_0014353
466,ISIC_0012167
467,ISIC_0015136
468,ISIC_0012455
469,ISIC_0008524
470,ISIC_0014233
471,ISIC_0014697
472,ISIC_0011150
473,ISIC_0014708
474,ISIC_0011372
475,ISIC_0015956
476,ISIC_0009933
477,ISIC_0012684
478,ISIC_0013163
479,ISIC_0000082
480,ISIC_0010075
481,ISIC_0012969
482,ISIC_0013330
483,ISIC_0013120
484,ISIC_0008207
485,ISIC_0010362
486,ISIC_0000243
487,ISIC_0015276
488,ISIC_0001188
489,ISIC_0012949
490,ISIC_0014839
491,ISIC_0014787
492,ISIC_0012155
493,ISIC_0000534
494,ISIC_0012278
495,ISIC_0012940
496,ISIC_0014849
497,ISIC_0012205
498,ISIC_0001423
499,ISIC_0000453
500,ISIC_0013603
501,ISIC_0014547
502,ISIC_0013832
503,ISIC_0012773
504,ISIC_0000449
505,ISIC_0000443
506,ISIC_0000213
507,ISIC_0015971
508,ISIC_0014850
509,ISIC_0012891
510,ISIC_0001372
511,ISIC_0014229
512,ISIC_0014869
513,ISIC_0012744
514,ISIC_0010604
515,ISIC_0012873
516,ISIC_0012685
517,ISIC_0013238
518,ISIC_0009297
519,ISIC_0014428
520,ISIC_0012372
521,ISIC_0014248
522,ISIC_0000115
523,ISIC_0014942
524,ISIC_0004115
525,ISIC_0014797
526,ISIC_0015115
527,ISIC_0013087
528,ISIC_0008552
529,ISIC_0011131
530,ISIC_0014110
531,ISIC_0012836
532,ISIC_0012887
533,ISIC_0014410
534,ISIC_0000141
535,ISIC_0000547
536,ISIC_0014347
537,ISIC_0014929
538,ISIC_0013615
539,ISIC_0015020
540,ISIC_0012127
541,ISIC_0000460
542,ISIC_0015175
543,ISIC_0014763
544,ISIC_0016046
545,ISIC_0015975
546,ISIC_0015995
547,ISIC_0000123
548,ISIC_0012108
549,ISIC_0013432
550,ISIC_0012381
551,ISIC_0000410
552,ISIC_0000021
553,ISIC_0013639
554,ISIC_0015331
555,ISIC_0000515
556,ISIC_0000444
557,ISIC_0000504
558,ISIC_0010317
559,ISIC_0013000
560,ISIC_0016033
561,ISIC_0009993
562,ISIC_0013499
563,ISIC_0013321
564,ISIC_0000110
565,ISIC_0010347
566,ISIC_0013667
567,ISIC_0000511
568,ISIC_0011135
569,ISIC_0012314
570,ISIC_0015250
571,ISIC_0000519
572,ISIC_0012288
573,ISIC_0012683
574,ISIC_0012721
575,ISIC_0010327
576,ISIC_0000018
577,ISIC_0000000
578,ISIC_0000233
579,ISIC_0012930
580,ISIC_0014044
581,ISIC_0014657
582,ISIC_0014183
583,ISIC_0012164
584,ISIC_0009937
585,ISIC_0000134
586,ISIC_0014927
587,ISIC_0000555
588,ISIC_0013886
589,ISIC_0013867
590,ISIC_0000185
591,ISIC_0010044
592,ISIC_0012673
593,ISIC_0014658
594,ISIC_0014685
595,ISIC_0013581
596,ISIC_0015207
597,ISIC_0000543
598,ISIC_0002871
599,ISIC_0000065
600,ISIC_0009885
601,ISIC_0001148
602,ISIC_0011089
603,ISIC_0016059
604,ISIC_0014478
605,ISIC_0012656
606,ISIC_0009987
607,ISIC_0014989
608,ISIC_0015016
609,ISIC_0014926
610,ISIC_0002453
611,ISIC_0010175
612,ISIC_0000077
613,ISIC_0014666
614,ISIC_0013224
615,ISIC_0013075
616,ISIC_0010249
617,ISIC_0009889
618,ISIC_0011107
619,ISIC_0000135
620,ISIC_0014609
621,ISIC_0012548
622,ISIC_0015208
623,ISIC_0013685
624,ISIC_0000276
625,ISIC_0010100
626,ISIC_0000063
627,ISIC_0000039
628,ISIC_0000436
629,ISIC_0013946
630,ISIC_0000104
631,ISIC_0014610
632,ISIC_0014543
633,ISIC_0014624
634,ISIC_0014731
635,ISIC_0003174
636,ISIC_0012768
637,ISIC_0008998
638,ISIC_0011213
639,ISIC_0014133
640,ISIC_0013126
641,ISIC_0003005
642,ISIC_0014433
643,ISIC_0009949
644,ISIC_0000476
645,ISIC_0014081
646,ISIC_0000316
647,ISIC_0014957
648,ISIC_0013765
649,ISIC_0013713
650,ISIC_0013828
651,ISIC_0012654
652,ISIC_0010850
653,ISIC_0000381
654,ISIC_0014687
655,ISIC_0013643
656,ISIC_0013671
657,ISIC_0014868
658,ISIC_0015041
659,ISIC_0014835
660,ISIC_0000202
661,ISIC_0009298
662,ISIC_0000479
663,ISIC_0015037
664,ISIC_0011220
665,ISIC_0011143
666,ISIC_0000058
667,ISIC_0013109
668,ISIC_0009967
669,ISIC_0012661
670,ISIC_0015963
671,ISIC_0015961
672,ISIC_0001126
673,ISIC_0004985
674,ISIC_0012445
675,ISIC_0012329
676,ISIC_0014026
677,ISIC_0007038
678,ISIC_0014392
679,ISIC_0014211
680,ISIC_0015945
681,ISIC_0012391
682,ISIC_0012333
683,ISIC_0015295
684,ISIC_0014834
685,ISIC_0014157
686,ISIC_0002251
687,ISIC_0013465
688,ISIC_0014458
689,ISIC_0013775
690,ISIC_0010492
691,ISIC_0016016
692,ISIC_0000413
693,ISIC_0012216
694,ISIC_0015170
695,ISIC_0014936
696,ISIC_0008116
697,ISIC_0014317
698,ISIC_0012662
699,ISIC_0015237
700,ISIC_0015174
701,ISIC_0014933
702,ISIC_0013226
703,ISIC_0015050
704,ISIC_0012238
705,ISIC_0009973
706,ISIC_0001871
707,ISIC_0014846
708,ISIC_0000254
709,ISIC_0010003
710,ISIC_0012876
711,ISIC_0015062
712,ISIC_0001142
713,ISIC_0010220
714,ISIC_0000093
715,ISIC_0001385
716,ISIC_0012095
717,ISIC_0000448
718,ISIC_0015980
719,ISIC_0010349
720,ISIC_0015996
721,ISIC_0012425
722,ISIC_0012715
723,ISIC_0012222
724,ISIC_0000023
725,ISIC_0013424
726,ISIC_0000900
727,ISIC_0014490
728,ISIC_0015064
729,ISIC_0011294
730,ISIC_0010568
731,ISIC_0009888
732,ISIC_0000527
733,ISIC_0015171
734,ISIC_0014069
735,ISIC_0013980
736,ISIC_0013684
737,ISIC_0014080
738,ISIC_0010180
739,ISIC_0000175
740,ISIC_0001306
741,ISIC_0004168
742,ISIC_0014921
743,ISIC_0013165
744,ISIC_0012813
745,ISIC_0001449
746,ISIC_0013319
747,ISIC_0014652
748,ISIC_0010231
749,ISIC_0006815
750,ISIC_0014951
751,ISIC_0013518
752,ISIC_0000209
753,ISIC_0009599
754,ISIC_0000017
755,ISIC_0010605
756,ISIC_0000521
757,ISIC_0010602
758,ISIC_0012740
759,ISIC_0014812
760,ISIC_0010023
761,ISIC_0013512
762,ISIC_0016027
763,ISIC_0016045
764,ISIC_0000528
765,ISIC_0000487
766,ISIC_0000014
767,ISIC_0012742
768,ISIC_0015255
769,ISIC_0015976
770,ISIC_0013675
771,ISIC_0013982
772,ISIC_0012432
773,ISIC_0015167
774,ISIC_0000299
775,ISIC_0015153
776,ISIC_0000351
777,ISIC_0013674
778,ISIC_0014754
779,ISIC_0015952
780,ISIC_0012529
781,ISIC_0013967
782,ISIC_0015274
783,ISIC_0016009
784,ISIC_0010252
785,ISIC_0000317
786,ISIC_0010487
787,ISIC_0007241
788,ISIC_0014772
789,ISIC_0009891
790,ISIC_0012770
791,ISIC_0013207
792,ISIC_0010322
793,ISIC_0013181
794,ISIC_0013360
795,ISIC_0013637
796,ISIC_0014603
797,ISIC_0014186
798,ISIC_0015113
799,ISIC_0014225
800,ISIC_0014728
801,ISIC_0012338
802,ISIC_0000330
803,ISIC_0013594
804,ISIC_0014114
805,ISIC_0014749
806,ISIC_0009939
807,ISIC_0000271
808,ISIC_0015003
809,ISIC_0013988
810,ISIC_0011124
811,ISIC_0010860
812,ISIC_0000101
813,ISIC_0000268
814,ISIC_0015353
815,ISIC_0015218
816,ISIC_0013269
817,ISIC_0012258
818,ISIC_0014786
819,ISIC_0016003
820,ISIC_0016065
821,ISIC_0013244
822,ISIC_0013223
823,ISIC_0015984
824,ISIC_0000463
825,ISIC_0011097
826,ISIC_0014431
827,ISIC_0000224
828,ISIC_0013346
829,ISIC_0001184
830,ISIC_0012677
831,ISIC_0014724
832,ISIC_0010235
833,ISIC_0000340
834,ISIC_0013672
835,ISIC_0014983
836,ISIC_0010330
837,ISIC_0012516
838,ISIC_0000163
839,ISIC_0000256
840,ISIC_0000320
841,ISIC_0014160
842,ISIC_0000047
843,ISIC_0000181
844,ISIC_0009994
845,ISIC_0014537
846,ISIC_0015034
847,ISIC_0004715
848,ISIC_0014541
849,ISIC_0013229
850,ISIC_0010228
851,ISIC_0012966
852,ISIC_0014912
853,ISIC_0000343
854,ISIC_0012272
855,ISIC_0000485
856,ISIC_0014804
857,ISIC_0013427
858,ISIC_0013232
859,ISIC_0013219
860,ISIC_0013201
861,ISIC_0012987
862,ISIC_0015118
863,ISIC_0014311
864,ISIC_0015940
865,ISIC_0002806
866,ISIC_0009758
867,ISIC_0009950
868,ISIC_0000171
869,ISIC_0013917
870,ISIC_0000451
871,ISIC_0009925
872,ISIC_0002489
873,ISIC_0015035
874,ISIC_0008403
875,ISIC_0013025
876,ISIC_0012508
877,ISIC_0000244
878,ISIC_0013310
879,ISIC_0000148
880,ISIC_0011084
881,ISIC_0000215
882,ISIC_0010176
883,ISIC_0013719
884,ISIC_0010444
885,ISIC_0012756
886,ISIC_0015440
887,ISIC_0000546
888,ISIC_0014898
889,ISIC_0015233
890,ISIC_0013942
891,ISIC_0012675
892,ISIC_0014684
893,ISIC_0015994
894,ISIC_0015631
895,ISIC_0012653
896,ISIC_0012682
897,ISIC_0014577
898,ISIC_0014480
899,ISIC_0012351
900,ISIC_0014255
901,ISIC_0010350
902,ISIC_0011099
903,ISIC_0013428
904,ISIC_0013804
905,ISIC_0014361
906,ISIC_0010089
907,ISIC_0012989
908,ISIC_0014545
909,ISIC_0015383
910,ISIC_0014640
911,ISIC_0012758
912,ISIC_0000384
913,ISIC_0011329
914,ISIC_0013035
915,ISIC_0000332
916,ISIC_0010552
917,ISIC_0006350
918,ISIC_0000155
919,ISIC_0010227
920,ISIC_0012510
921,ISIC_0016069
922,ISIC_0016034
923,ISIC_0014826
924,ISIC_0013121
925,ISIC_0008600
926,ISIC_0014843
927,ISIC_0015544
928,ISIC_0009971
929,ISIC_0014910
930,ISIC_0012204
931,ISIC_0013054
932,ISIC_0010187
933,ISIC_0013516
934,ISIC_0011230
935,ISIC_0000035
936,ISIC_0013936
937,ISIC_0000160
938,ISIC_0010846
939,ISIC_0000020
940,ISIC_0013371
941,ISIC_0007788
942,ISIC_0014643
943,ISIC_0011304
944,ISIC_0001286
945,ISIC_0014302
946,ISIC_0012464
947,ISIC_0013212
948,ISIC_0015102
949,ISIC_0009252
950,ISIC_0014558
951,ISIC_0000085
952,ISIC_0013140
953,ISIC_0000321
954,ISIC_0014554
955,ISIC_0010060
956,ISIC_0010025
957,ISIC_0013837
958,ISIC_0010449
959,ISIC_0014316
960,ISIC_0010090
961,ISIC_0014696
962,ISIC_0011146
963,ISIC_0011117
964,ISIC_0000503
965,ISIC_0009934
966,ISIC_0012469
967,ISIC_0000080
968,ISIC_0009962
969,ISIC_0000242
970,ISIC_0010251
971,ISIC_0014753
972,ISIC_0011363
973,ISIC_0010013
974,ISIC_0000329
975,ISIC_0001262
976,ISIC_0013636
977,ISIC_0012257
978,ISIC_0000339
979,ISIC_0013411
980,ISIC_0013134
981,ISIC_0009880
982,ISIC_0013567
983,ISIC_0010365
984,ISIC_0000142
985,ISIC_0012520
986,ISIC_0010861
987,ISIC_0013986
988,ISIC_0011155
989,ISIC_0009877
990,ISIC_0014077
991,ISIC_0010862
992,ISIC_0000073
993,ISIC_0000184
994,ISIC_0001254
995,ISIC_0013248
996,ISIC_0000496
997,ISIC_0013879
998,ISIC_0010441
999,ISIC_0000008
1000,ISIC_0013071
1001,ISIC_0000490
1002,ISIC_0010490
1003,ISIC_0014195
1004,ISIC_0015179
1005,ISIC_0014832
1006,ISIC_0013495
1007,ISIC_0011292
1008,ISIC_0013233
1009,ISIC_0009928
1010,ISIC_0010232
1011,ISIC_0015968
1012,ISIC_0009564
1013,ISIC_0012693
1014,ISIC_0011367
1015,ISIC_0014883
1016,ISIC_0010241
1017,ISIC_0014162
1018,ISIC_0008785
1019,ISIC_0012879
1020,ISIC_0010364
1021,ISIC_0014506
1022,ISIC_0012263
1023,ISIC_0000004
1024,ISIC_0014726
1025,ISIC_0013072
1026,ISIC_0010455
1027,ISIC_0014948
1028,ISIC_0014675
1029,ISIC_0013198
1030,ISIC_0011219
1031,ISIC_0015215
1032,ISIC_0013865
1033,ISIC_0013155
1034,ISIC_0010447
1035,ISIC_0015273
1036,ISIC_0014821
1037,ISIC_0001134
1038,ISIC_0000486
1039,ISIC_0000999
1040,ISIC_0016060
1041,ISIC_0015256
1042,ISIC_0011169
1043,ISIC_0013170
1044,ISIC_0000427
1045,ISIC_0012453
1046,ISIC_0014778
1047,ISIC_0011223
1048,ISIC_0013568
1049,ISIC_0014635
1050,ISIC_0015419
1051,ISIC_0000538
1052,ISIC_0014964
1053,ISIC_0012332
1054,ISIC_0015481
1055,ISIC_0014762
1056,ISIC_0014872
1057,ISIC_0010105
1058,ISIC_0012434
1059,ISIC_0011167
1060,ISIC_0014770
1061,ISIC_0014171
1062,ISIC_0010018
1063,ISIC_0011144
1064,ISIC_0012478
1065,ISIC_0012549
1066,ISIC_0010204
1067,ISIC_0006776
1068,ISIC_0010456
1069,ISIC_0013800
1070,ISIC_0014453
1071,ISIC_0000409
1072,ISIC_0013397
1073,ISIC_0013433
1074,ISIC_0000113
1075,ISIC_0000531
1076,ISIC_0014129
1077,ISIC_0012814
1078,ISIC_0014765
1079,ISIC_0010443
1080,ISIC_0014219
1081,ISIC_0015133
1082,ISIC_0014360
1083,ISIC_0000022
1084,ISIC_0012149
1085,ISIC_0000100
1086,ISIC_0011333
1087,ISIC_0014748
1088,ISIC_0000533
1089,ISIC_0011358
1090,ISIC_0015964
1091,ISIC_0012871
1092,ISIC_0000499
1093,ISIC_0010483
1094,ISIC_0000161
1095,ISIC_0000198
1096,ISIC_0014729
1097,ISIC_0011362
1098,ISIC_0009932
1099,ISIC_0013617
1100,ISIC_0010238
1101,ISIC_0010011
1102,ISIC_0014473
1103,ISIC_0001852
1104,ISIC_0015005
1105,ISIC_0012206
1106,ISIC_0010032
1107,ISIC_0010263
1108,ISIC_0015089
1109,ISIC_0012907
1110,ISIC_0015046
1111,ISIC_0015942
1112,ISIC_0014683
1113,ISIC_0011095
1114,ISIC_0012988
1115,ISIC_0013001
1116,ISIC_0010479
1117,ISIC_0014808
1118,ISIC_0015355
1119,ISIC_0010010
1120,ISIC_0010000
1121,ISIC_0010042
1122,ISIC_0014066
1123,ISIC_0010590
1124,ISIC_0012898
1125,ISIC_0012334
1126,ISIC_0013326
1127,ISIC_0012086
1128,ISIC_0012323
1129,ISIC_0010472
1130,ISIC_0014938
1131,ISIC_0013044
1132,ISIC_0013749
1133,ISIC_0010194
1134,ISIC_0011334
1135,ISIC_0014907
1136,ISIC_0015949
1137,ISIC_0016007
1138,ISIC_0014720
1139,ISIC_0013803
1140,ISIC_0003582
1141,ISIC_0012523
1142,ISIC_0009944
1143,ISIC_0010382
1144,ISIC_0013766
1145,ISIC_0014945
1146,ISIC_0000507
1147,ISIC_0014854
1148,ISIC_0016052
1149,ISIC_0013740
1150,ISIC_0000530
1151,ISIC_0012803
1152,ISIC_0003728
1153,ISIC_0015043
1154,ISIC_0000396
1155,ISIC_0015184
1156,ISIC_0014581
1157,ISIC_0010468
1158,ISIC_0002374
1159,ISIC_0010201
1160,ISIC_0014386
1161,ISIC_0014308
1162,ISIC_0002647
1163,ISIC_0000470
1164,ISIC_0010248
1165,ISIC_0000481
1166,ISIC_0008294
1167,ISIC_0010585
1168,ISIC_0013474
1169,ISIC_0016017
1170,ISIC_0010448
1171,ISIC_0000331
1172,ISIC_0010498
1173,ISIC_0013966
1174,ISIC_0002476
1175,ISIC_0011119
1176,ISIC_0012435
1177,ISIC_0000072
1178,ISIC_0000216
1179,ISIC_0014469
1180,ISIC_0011347
1181,ISIC_0013457
1182,ISIC_0015957
1183,ISIC_0013596
1184,ISIC_0000037
1185,ISIC_0012999
1186,ISIC_0012518
1187,ISIC_0000121
1188,ISIC_0000214
1189,ISIC_0010024
1190,ISIC_0014136
1191,ISIC_0009901
1192,ISIC_0015401
1193,ISIC_0010006
1194,ISIC_0009430
1195,ISIC_0013359
1196,ISIC_0015483
1197,ISIC_0014694
1198,ISIC_0012670
1199,ISIC_0012487
1200,ISIC_0014857
1201,ISIC_0000251
1202,ISIC_0014913
1203,ISIC_0015291
1204,ISIC_0012496
1205,ISIC_0015132
1206,ISIC_0015944
1207,ISIC_0013621
1208,ISIC_0013235
1209,ISIC_0000212
1210,ISIC_0014876
1211,ISIC_0013888
1212,ISIC_0014768
1213,ISIC_0011210
1214,ISIC_0000186
1215,ISIC_0013136
1216,ISIC_0016057
1217,ISIC_0013739
1218,ISIC_0013690
1219,ISIC_0010597
1220,ISIC_0012660
1221,ISIC_0010497
1222,ISIC_0012739
1223,ISIC_0015312
1224,ISIC_0009895
1225,ISIC_0010569
1226,ISIC_0014149
1227,ISIC_0013023
1228,ISIC_0015008
1229,ISIC_0014651
1230,ISIC_0012316
1231,ISIC_0014325
1232,ISIC_0012313
1233,ISIC_0015416
1234,ISIC_0010863
1235,ISIC_0013364
1236,ISIC_0009921
1237,ISIC_0010257
1238,ISIC_0011360
1239,ISIC_0012544
1240,ISIC_0014860
1241,ISIC_0013096
1242,ISIC_0000253
1243,ISIC_0001190
1244,ISIC_0000182
1245,ISIC_0014476
1246,ISIC_0014501
1247,ISIC_0014599
1248,ISIC_0000159
1249,ISIC_0014925
1250,ISIC_0010857
1251,ISIC_0015953
1252,ISIC_0012201
1253,ISIC_0008145
1254,ISIC_0010053
1255,ISIC_0014937
1256,ISIC_0000164
1257,ISIC_0010206
1258,ISIC_0010370
1259,ISIC_0013805
1260,ISIC_0015466
1261,ISIC_0007693
1262,ISIC_0013410
1263,ISIC_0014930
1264,ISIC_0010192
1265,ISIC_0000032
1266,ISIC_0000274
1267,ISIC_0011345
1268,ISIC_0009947
1269,ISIC_0011159
1270,ISIC_0012749
1271,ISIC_0013128
1272,ISIC_0010348
1273,ISIC_0012227
1274,ISIC_0013118
1275,ISIC_0014901
1276,ISIC_0000239
1277,ISIC_0012299
1278,ISIC_0011390
1279,ISIC_0012506
1280,ISIC_0011130
1281,ISIC_0014661
1282,ISIC_0010557
1283,ISIC_0013842
1284,ISIC_0015152
1285,ISIC_0010336
1286,ISIC_0012290
1287,ISIC_0015031
1288,ISIC_0015251
1289,ISIC_0000360
1290,ISIC_0012447
1291,ISIC_0010566
1292,ISIC_0001216
1293,ISIC_0000043
1294,ISIC_0011366
1295,ISIC_0010009
1296,ISIC_0013792
1297,ISIC_0002459
1298,ISIC_0013480
1299,ISIC_0009929
1300,ISIC_0002093
1301,ISIC_0000517
1302,ISIC_0009902
1303,ISIC_0013794
1304,ISIC_0006914
1305,ISIC_0006711
1306,ISIC_0014587
1307,ISIC_0000210
1308,ISIC_0013492
1309,ISIC_0012726
1310,ISIC_0011357
1311,ISIC_0012526
1312,ISIC_0010174
1313,ISIC_0015418
1314,ISIC_0016006
1315,ISIC_0011298
1316,ISIC_0011228
1317,ISIC_0008807
1318,ISIC_0000554
1319,ISIC_0000031
1320,ISIC_0013562
1321,ISIC_0008347
1322,ISIC_0015939
1323,ISIC_0014890
1324,ISIC_0016024
1325,ISIC_0015537
1326,ISIC_0000200
1327,ISIC_0014803
1328,ISIC_0013626
1329,ISIC_0012878
1330,ISIC_0000252
1331,ISIC_0014642
1332,ISIC_0000480
1333,ISIC_0014956
1334,ISIC_0012547
1335,ISIC_0011386
1336,ISIC_0014903
1337,ISIC_0009942
1338,ISIC_0013200
1339,ISIC_0002469
1340,ISIC_0014961
1341,ISIC_0012976
1342,ISIC_0000208
1343,ISIC_0013398
1344,ISIC_0015967
1345,ISIC_0000246
1346,ISIC_0016026
1347,ISIC_0013114
1348,ISIC_0014526
1349,ISIC_0011112
1350,ISIC_0015293
1351,ISIC_0008029
1352,ISIC_0014076
1353,ISIC_0002206
1354,ISIC_0011315
1355,ISIC_0010361
1356,ISIC_0000264
1357,ISIC_0010168
1358,ISIC_0013995
1359,ISIC_0000262
1360,ISIC_0013274
1361,ISIC_0014434
1362,ISIC_0013390
1363,ISIC_0013141
1364,ISIC_0013491
1365,ISIC_0000415
1366,ISIC_0010264
1367,ISIC_0010458
1368,ISIC_0010102
1369,ISIC_0006982
1370,ISIC_0011402
1371,ISIC_0015973
1372,ISIC_0000387
1373,ISIC_0000488
1374,ISIC_0014973
1375,ISIC_0015021
1376,ISIC_0012320
1377,ISIC_0014500
1378,ISIC_0000088
1379,ISIC_0010081
1380,ISIC_0001299
1381,ISIC_0012309
1382,ISIC_0015638
1383,ISIC_0015960
1384,ISIC_0012725
1385,ISIC_0012793
1386,ISIC_0010239
1387,ISIC_0012903
1388,ISIC_0013579
1389,ISIC_0009951
1390,ISIC_0009873
1391,ISIC_0000263
1392,ISIC_0013187
1393,ISIC_0011161
1394,ISIC_0011374
1395,ISIC_0010202
1396,ISIC_0000064
1397,ISIC_0010476
1398,ISIC_0014982
1399,ISIC_0011327
1400,ISIC_0000129
1401,ISIC_0013664
1402,ISIC_0015566
1403,ISIC_0013257
1404,ISIC_0012306
1405,ISIC_0000552
1406,ISIC_0015617
1407,ISIC_0010442
1408,ISIC_0001163
1409,ISIC_0010177
1410,ISIC_0013055
1411,ISIC_0000150
1412,ISIC_0015563
1413,ISIC_0012228
1414,ISIC_0013094
1415,ISIC_0010189
1416,ISIC_0012156
1417,ISIC_0010493
1418,ISIC_0015998
1419,ISIC_0000290
1420,ISIC_0000545
1421,ISIC_0015212
1422,ISIC_0000344
1423,ISIC_0010038
1424,ISIC_0000190
1425,ISIC_0014324
1426,ISIC_0010182
1427,ISIC_0012177
1428,ISIC_0015144
1429,ISIC_0010553
1430,ISIC_0013150
1431,ISIC_0015468
1432,ISIC_0012358
1433,ISIC_0000001
1434,ISIC_0014798
1435,ISIC_0000050
1436,ISIC_0014975
1437,ISIC_0000205
1438,ISIC_0010864
1439,ISIC_0000009
1440,ISIC_0014987
1441,ISIC_0014974
1442,ISIC_0010333
1443,ISIC_0015417
1444,ISIC_0014698
1445,ISIC_0014831
1446,ISIC_0000204
1447,ISIC_0012223
1448,ISIC_0015079
1449,ISIC_0015982
1450,ISIC_0012666
1451,ISIC_0000482
1452,ISIC_0015436
1453,ISIC_0011296
1454,ISIC_0013809
1455,ISIC_0013176
1456,ISIC_0001131
1457,ISIC_0015510
1458,ISIC_0016014
1459,ISIC_0012678
1460,ISIC_0013549
1461,ISIC_0009969
1462,ISIC_0010368
1463,ISIC_0012382
1464,ISIC_0000439
1465,ISIC_0001204
1466,ISIC_0014714
1467,ISIC_0013089
1468,ISIC_0015051
1469,ISIC_0012324
1470,ISIC_0014848
1471,ISIC_0015962
1472,ISIC_0009875
1473,ISIC_0011168
1474,ISIC_0000132
1475,ISIC_0014419
1476,ISIC_0007141
1477,ISIC_0009960
1478,ISIC_0012690
1479,ISIC_0012281
1480,ISIC_0009914
1481,ISIC_0000055
1482,ISIC_0012957
1483,ISIC_0000328
1484,ISIC_0014535
1485,ISIC_0013147
1486,ISIC_0015032
1487,ISIC_0011343
1488,ISIC_0013817
1489,ISIC_0015260
1490,ISIC_0013159
1491,ISIC_0012390
1492,ISIC_0013527
1493,ISIC_0010853
1494,ISIC_0014337
1495,ISIC_0000350
1496,ISIC_0006795
1497,ISIC_0014780
1498,ISIC_0015219
1499,ISIC_0000310
1500,ISIC_0016036
1501,ISIC_0013037
1502,ISIC_0000165
1503,ISIC_0000062
1504,ISIC_0012271
1505,ISIC_0013897
1506,ISIC_0010574
1507,ISIC_0000489
1508,ISIC_0010041
1509,ISIC_0013758
1510,ISIC_0015176
1511,ISIC_0000508
1512,ISIC_0012260
1513,ISIC_0000395
1514,ISIC_0013271
1515,ISIC_0014862
1516,ISIC_0014507
1517,ISIC_0015941
1518,ISIC_0009941
1519,ISIC_0013399
1520,ISIC_0000234
1521,ISIC_0012097
1522,ISIC_0015243
1523,ISIC_0012212
1524,ISIC_0013525
1525,ISIC_0011115
1526,ISIC_0000231
1527,ISIC_0013635
1528,ISIC_0016038
1529,ISIC_0014928
1530,ISIC_0015146
1531,ISIC_0013494
1532,ISIC_0000505
1533,ISIC_0013204
1534,ISIC_0000038
1535,ISIC_0000249
1536,ISIC_0015313
1537,ISIC_0014963
1538,ISIC_0014782
1539,ISIC_0011173
1540,ISIC_0000112
1541,ISIC_0013393
1542,ISIC_0014190
1543,ISIC_0009201
1544,ISIC_0001133
1545,ISIC_0015582
1546,ISIC_0012711
1547,ISIC_0012450
1548,ISIC_0000059
1549,ISIC_0011208
1550,ISIC_0014632
1551,ISIC_0013830
1552,ISIC_0010463
1553,ISIC_0015360
1554,ISIC_0012342
1555,ISIC_0014559
1556,ISIC_0015161
1557,ISIC_0000326
1558,ISIC_0012208
1559,ISIC_0013874
1560,ISIC_0000509
1561,ISIC_0000456
1562,ISIC_0013580
1563,ISIC_0013793
1564,ISIC_0014270
1565,ISIC_0014328
1566,ISIC_0014249
1567,ISIC_0011203
1568,ISIC_0014093
1569,ISIC_0000525
1570,ISIC_0013104
1571,ISIC_0002246
1572,ISIC_0011114
1573,ISIC_0014349
1574,ISIC_0000523
1575,ISIC_0008659
1576,ISIC_0000067
1577,ISIC_0003805
1578,ISIC_0013498
1579,ISIC_0010341
1580,ISIC_0010173
1581,ISIC_0015390
1582,ISIC_0010321
1583,ISIC_0010854
1584,ISIC_0012883
1585,ISIC_0013840
1586,ISIC_0010320
1587,ISIC_0012713
1588,ISIC_0013618
1589,ISIC_0000338
1590,ISIC_0000501
1591,ISIC_0014920
1592,ISIC_0000269
1593,ISIC_0014441
1594,ISIC_0000541
1595,ISIC_0014072
1596,ISIC_0000091
1597,ISIC_0006114
1598,ISIC_0000537
1599,ISIC_0003308
1600,ISIC_0012268
1601,ISIC_0000196
1602,ISIC_0012099
1603,ISIC_0011373
1604,ISIC_0013861
1605,ISIC_0014178
1606,ISIC_0000187
1607,ISIC_0016054
1608,ISIC_0010265
1609,ISIC_0000183
1610,ISIC_0012147
1611,ISIC_0000219
1612,ISIC_0012835
1613,ISIC_0010207
1614,ISIC_0000071
1615,ISIC_0014274
1616,ISIC_0015155
1617,ISIC_0015044
1618,ISIC_0015999
1619,ISIC_0013356
1620,ISIC_0000535
1621,ISIC_0013333
1622,ISIC_0015330
1623,ISIC_0000105
1624,ISIC_0011359
1625,ISIC_0013602
1626,ISIC_0011218
1627,ISIC_0000117
1628,ISIC_0001769
1629,ISIC_0002780
1630,ISIC_0015202
1631,ISIC_0013695
1632,ISIC_0014222
1633,ISIC_0016051
1634,ISIC_0014904
1635,ISIC_0013573
1636,ISIC_0013490
1637,ISIC_0000061
1638,ISIC_0015254
1639,ISIC_0000052
1640,ISIC_0000173
1641,ISIC_0005555
1642,ISIC_0000042
1643,ISIC_0013217
1644,ISIC_0016042
1645,ISIC_0013815
1646,ISIC_0008913
1647,ISIC_0000524
1648,ISIC_0015009
1649,ISIC_0000044
1650,ISIC_0009956
1651,ISIC_0013896
1652,ISIC_0013843
1653,ISIC_0000107
1654,ISIC_0010367
1655,ISIC_0012856
1656,ISIC_0015002
1657,ISIC_0013833
1658,ISIC_0010020
1659,ISIC_0010459
1660,ISIC_0013160
1661,ISIC_0000225
1662,ISIC_0000287
1663,ISIC_0000301
1664,ISIC_0000426
1665,ISIC_0010488
1666,ISIC_0000166
1667,ISIC_0016005
1668,ISIC_0012102
1669,ISIC_0010070
1670,ISIC_0000365
1671,ISIC_0001103
1672,ISIC_0014707
1673,ISIC_0011092
1674,ISIC_0000102
1675,ISIC_0014800
1676,ISIC_0009344
1677,ISIC_0013863
1678,ISIC_0009897
1679,ISIC_0014174
1680,ISIC_0000094
1681,ISIC_0009990
1682,ISIC_0013400
1683,ISIC_0014947
1684,ISIC_0009909
1685,ISIC_0012944
1686,ISIC_0016044
1687,ISIC_0014994
1688,ISIC_0011129
1689,ISIC_0000313
1690,ISIC_0000211
1691,ISIC_0000498
1692,ISIC_0012538
1693,ISIC_0014818
1694,ISIC_0010335
1695,ISIC_0013559
1696,ISIC_0000345
1697,ISIC_0009979
1698,ISIC_0014639
1699,ISIC_0012511
1700,ISIC_0013644
1701,ISIC_0016000
1702,ISIC_0015244
1703,ISIC_0000433
1704,ISIC_0013342
1705,ISIC_0013056
1706,ISIC_0000353
1707,ISIC_0012159
1708,ISIC_0001185
1709,ISIC_0000131
1710,ISIC_0012379
1711,ISIC_0001212
1712,ISIC_0012950
1713,ISIC_0014829
1714,ISIC_0012493
1715,ISIC_0015368
1716,ISIC_0015015
1717,ISIC_0009978
1718,ISIC_0016015
1719,ISIC_0012932
1720,ISIC_0011326
1721,ISIC_0010054
1722,ISIC_0012298
1723,ISIC_0015284
1724,ISIC_0010562
1725,ISIC_0011140
1726,ISIC_0012965
1727,ISIC_0000357
1728,ISIC_0015241
1729,ISIC_0014952
1730,ISIC_0009904
1731,ISIC_0014775
1732,ISIC_0011090
1733,ISIC_0000549
1734,ISIC_0001275
1735,ISIC_0001119
1736,ISIC_0000011
1737,ISIC_0013024
1738,ISIC_0000162
1739,ISIC_0000367
1740,ISIC_0013053
1741,ISIC_0016030
1742,ISIC_0014838
1743,ISIC_0014346
1744,ISIC_0012116
1745,ISIC_0012705
1746,ISIC_0008396
1747,ISIC_0012357
1748,ISIC_0002438
1749,ISIC_0007322
1750,ISIC_0013430
1751,ISIC_0002488
1752,ISIC_0014853
1753,ISIC_0015019
1754,ISIC_0012823
1755,ISIC_0015403
1756,ISIC_0013798
1757,ISIC_0015972
1758,ISIC_0014796
1759,ISIC_0010034
1760,ISIC_0009940
1761,ISIC_0013501
1762,ISIC_0000229
1763,ISIC_0012704
1764,ISIC_0003657
1765,ISIC_0014790
1766,ISIC_0000349
1767,ISIC_0013578
1768,ISIC_0000383
1769,ISIC_0016028
1770,ISIC_0014596
1771,ISIC_0014197
1772,ISIC_0010462
1773,ISIC_0015981
1774,ISIC_0011348
1775,ISIC_0014958
1776,ISIC_0012285
1777,ISIC_0000019
1778,ISIC_0012232
1779,ISIC_0014637
1780,ISIC_0010494
1781,ISIC_0014922
1782,ISIC_0000288
1783,ISIC_0015124
1784,ISIC_0013572
1785,ISIC_0000342
1786,ISIC_0010603
1787,ISIC_0016022
1788,ISIC_0010225
1789,ISIC_0013146
1790,ISIC_0013652
1791,ISIC_0000203
1792,ISIC_0013213
1793,ISIC_0015185
1794,ISIC_0000245
1795,ISIC_0013249
1796,ISIC_0014836
1797,ISIC_0000227
1798,ISIC_0015568
1799,ISIC_0010212
1800,ISIC_0015026
1801,ISIC_0013169
1802,ISIC_0002353
1803,ISIC_0014740
1804,ISIC_0000325
1805,ISIC_0010022
1806,ISIC_0010475
1807,ISIC_0001427
1808,ISIC_0000471
1809,ISIC_0000323
1810,ISIC_0012697
1811,ISIC_0012941
1812,ISIC_0009188
1813,ISIC_0014628
1814,ISIC_0002107
1815,ISIC_0000359
1816,ISIC_0000169
1817,ISIC_0014393
1818,ISIC_0000465
1819,ISIC_0014949
1820,ISIC_0010094
1821,ISIC_0009919
1822,ISIC_0013981
1823,ISIC_0012828
1824,ISIC_0012092
1825,ISIC_0016013
1826,ISIC_0013197
1827,ISIC_0012719
1828,ISIC_0000222
1829,ISIC_0000057
1830,ISIC_0015476
1831,ISIC_0012844
1832,ISIC_0014430
1833,ISIC_0014703
1834,ISIC_0013736
1835,ISIC_0015310
1836,ISIC_0012945
1837,ISIC_0011305
1838,ISIC_0001181
1839,ISIC_0014422
1840,ISIC_0012679
1841,ISIC_0012664
1842,ISIC_0014785
1843,ISIC_0013355
1844,ISIC_0016062
1845,ISIC_0014806
1846,ISIC_0009981
1847,ISIC_0000041
1848,ISIC_0013712
1849,ISIC_0015526
1850,ISIC_0010588
1851,ISIC_0015990
1852,ISIC_0010591
1853,ISIC_0000548
1854,ISIC_0014665
1855,ISIC_0013493
1856,ISIC_0013417
1857,ISIC_0010326
1858,ISIC_0012702
1859,ISIC_0000003
1860,ISIC_0010064
1861,ISIC_0013831
1862,ISIC_0012369
1863,ISIC_0013416
1864,ISIC_0012475
1865,ISIC_0013070
1866,ISIC_0013178
1867,ISIC_0005000
1868,ISIC_0011079
1869,ISIC_0000232
1870,ISIC_0013090
1871,ISIC_0015158
1872,ISIC_0013220
1873,ISIC_0014985
1874,ISIC_0000152
1875,ISIC_0010256
1876,ISIC_0000322
1877,ISIC_0000053
1878,ISIC_0009898
1879,ISIC_0014715
1880,ISIC_0013369
1881,ISIC_0000189
1882,ISIC_0011212
1883,ISIC_0012700
1884,ISIC_0013275
1885,ISIC_0013203
1886,ISIC_0001292
1887,ISIC_0000540
1888,ISIC_0014891
1889,ISIC_0014623
1890,ISIC_0013807
1891,ISIC_0001213
1892,ISIC_0013015
1893,ISIC_0000364
1894,ISIC_0014331
1895,ISIC_0012395
1896,ISIC_0013796
1897,ISIC_0009868
1898,ISIC_0012735
1899,ISIC_0013762
1900,ISIC_0011344
1901,ISIC_0010592
1902,ISIC_0013027
1903,ISIC_0010346
1904,ISIC_0012840
1905,ISIC_0010344
1906,ISIC_0000550
1907,ISIC_0013816
1908,ISIC_0011158
1909,ISIC_0010019
1910,ISIC_0009896
1911,ISIC_0013385
1912,ISIC_0014625
1913,ISIC_0015150
1914,ISIC_0000028
1915,ISIC_0010092
1916,ISIC_0009930
1917,ISIC_0015160
1918,ISIC_0014601
1919,ISIC_0000361
1920,ISIC_0014029
1921,ISIC_0000138
1922,ISIC_0015447
1923,ISIC_0002948
1924,ISIC_0009917
1925,ISIC_0014181
1926,ISIC_0010379
1927,ISIC_0000025
1928,ISIC_0013970
1929,ISIC_0014969
1930,ISIC_0000125
1931,ISIC_0014845
1932,ISIC_0012699
1933,ISIC_0001100
1934,ISIC_0008626
1935,ISIC_0013802
1936,ISIC_0012792
1937,ISIC_0000397
1938,ISIC_0000385
1939,ISIC_0010323
1940,ISIC_0000556
1941,ISIC_0009966
1942,ISIC_0012657
1943,ISIC_0000109
1944,ISIC_0014438
1945,ISIC_0000056
1946,ISIC_0014185
1947,ISIC_0010461
1948,ISIC_0013084
1949,ISIC_0016072
1950,ISIC_0016012
1951,ISIC_0015997
1952,ISIC_0000193
1953,ISIC_0009931
1954,ISIC_0013670
1955,ISIC_0013592
1956,ISIC_0005666
1957,ISIC_0000235
1958,ISIC_0010021
1959,ISIC_0012136
1960,ISIC_0000425
1961,ISIC_0000265
1962,ISIC_0013291
1963,ISIC_0010233
1964,ISIC_0014486
1965,ISIC_0015969
1966,ISIC_0015229
1967,ISIC_0010074
1968,ISIC_0012503
1969,ISIC_0015464
1970,ISIC_0014802
1971,ISIC_0014680
1972,ISIC_0000111
1973,ISIC_0016063
1974,ISIC_0011338
1975,ISIC_0013304
1976,ISIC_0012888
1977,ISIC_0013558
1978,ISIC_0013925
1979,ISIC_0015108
1980,ISIC_0013689
1981,ISIC_0010002
1982,ISIC_0014117
1983,ISIC_0010215
1984,ISIC_0010069
1985,ISIC_0010587
1986,ISIC_0000078
1987,ISIC_0010473
1988,ISIC_0000493
1989,ISIC_0010358
1990,ISIC_0009980
1991,ISIC_0012448
1992,ISIC_0011207
1993,ISIC_0000218
1994,ISIC_0013423
1995,ISIC_0010058
1996,ISIC_0016041
1997,ISIC_0012148
1998,ISIC_0000403
1999,ISIC_0000116
2000,ISIC_0010598
2001,ISIC_0000358
2002,ISIC_0000108
2003,ISIC_0009938
2004,ISIC_0013425
2005,ISIC_0006612
2006,ISIC_0000455
2007,ISIC_0010558
2008,ISIC_0010077
2009,ISIC_0000311
2010,ISIC_0012680
2011,ISIC_0013922
2012,ISIC_0001152
2013,ISIC_0007344
2014,ISIC_0012681
2015,ISIC_0014299
2016,ISIC_0012904
2017,ISIC_0000520
2018,ISIC_0013565
2019,ISIC_0011303
2020,ISIC_0013585
2021,ISIC_0000228
2022,ISIC_0009910
2023,ISIC_0014760
2024,ISIC_0011109
2025,ISIC_0000303
2026,ISIC_0014166
2027,ISIC_0009927
2028,ISIC_0014090
2029,ISIC_0014805
2030,ISIC_0000075
2031,ISIC_0010847
2032,ISIC_0010057
2033,ISIC_0015189
2034,ISIC_0012256
2035,ISIC_0014397
2036,ISIC_0012880
2037,ISIC_0014567
2038,ISIC_0010262
2039,ISIC_0014189
2040,ISIC_0010356
2041,ISIC_0013813
2042,ISIC_0012284
2043,ISIC_0015200
2044,ISIC_0000095
2045,ISIC_0015211
2046,ISIC_0013112
2047,ISIC_0008406
2048,ISIC_0000016
2049,ISIC_0012245
2050,ISIC_0013242
2051,ISIC_0000099
2052,ISIC_0012325
2053,ISIC_0000477
2054,ISIC_0011170
2055,ISIC_0016019
2056,ISIC_0014357
2057,ISIC_0013688
2058,ISIC_0014943
2059,ISIC_0011164
2060,ISIC_0009935
2061,ISIC_0014489
2062,ISIC_0013733
2063,ISIC_0014238
2064,ISIC_0014518
2065,ISIC_0011149
2066,ISIC_0015040
2067,ISIC_0011214
2068,ISIC_0010016
2069,ISIC_0000147
2070,ISIC_0011162
2071,ISIC_0000882
2072,ISIC_0011224
2073,ISIC_0010342
2074,ISIC_0010374
2075,ISIC_0010059
2076,ISIC_0009958
2077,ISIC_0014739
2078,ISIC_0012484
2079,ISIC_0009883
2080,ISIC_0000167
2081,ISIC_0011118
2082,ISIC_0007087
2083,ISIC_0012134
2084,ISIC_0013287
2085,ISIC_0013129
2086,ISIC_0012230
2087,ISIC_0012517
2088,ISIC_0009976
2089,ISIC_0014503
2090,ISIC_0015989
2091,ISIC_0009977
2092,ISIC_0000431
2093,ISIC_0010015
2094,ISIC_0014716
2095,ISIC_0010046
2096,ISIC_0015445
2097,ISIC_0012107
2098,ISIC_0000495
2099,ISIC_0015943
2100,ISIC_0012356
2101,ISIC_0009955
2102,ISIC_0014788
2103,ISIC_0012221
2104,ISIC_0013983
2105,ISIC_0012376
2106,ISIC_0014968
2107,ISIC_0010480
2108,ISIC_0000378
2109,ISIC_0012706
2110,ISIC_0000103
2111,ISIC_0012235
2112,ISIC_0000386
2113,ISIC_0013063
2114,ISIC_0010360
2115,ISIC_0009160
2116,ISIC_0014525
2117,ISIC_0001267
2118,ISIC_0009982
2119,ISIC_0013193
2120,ISIC_0014475
2121,ISIC_0012826
2122,ISIC_0013977
2123,ISIC_0012187
2124,ISIC_0010255
2125,ISIC_0000416
2126,ISIC_0014941
2127,ISIC_0015363
2128,ISIC_0015298
2129,ISIC_0015226
2130,ISIC_0000506
2131,ISIC_0000544
2132,ISIC_0013311
2133,ISIC_0014863
2134,ISIC_0013438
2135,ISIC_0014365
2136,ISIC_0002439
2137,ISIC_0001106
2138,ISIC_0012182
2139,ISIC_0015203
2140,ISIC_0012094
2141,ISIC_0010329
2142,ISIC_0010452
2143,ISIC_0013461
2144,ISIC_0015139
2145,ISIC_0013962
2146,ISIC_0014745
2147,ISIC_0013721
2148,ISIC_0009165
2149,ISIC_0010607
2150,ISIC_0009995
2151,ISIC_0014791
2152,ISIC_0014795
2153,ISIC_0014013
2154,ISIC_0000279
2155,ISIC_0011104
2156,ISIC_0000230
2157,ISIC_0012865
2158,ISIC_0014633
2159,ISIC_0015223
2160,ISIC_0015991
2161,ISIC_0012741
2162,ISIC_0013472
2163,ISIC_0000377
2164,ISIC_0013164
2165,ISIC_0000127
2166,ISIC_0011088
2167,ISIC_0012224
2168,ISIC_0010565
2169,ISIC_0014173
2170,ISIC_0012539
2171,ISIC_0012746
2172,ISIC_0010184
2173,ISIC_0010247
2174,ISIC_0000532
2175,ISIC_0010340
2176,ISIC_0014966
2177,ISIC_0013748
2178,ISIC_0011082
2179,ISIC_0015023
2180,ISIC_0011081
2181,ISIC_0011361
2182,ISIC_0013222
2183,ISIC_0012655
2184,ISIC_0010236
2185,ISIC_0013329
2186,ISIC_0016056
2187,ISIC_0014169
2188,ISIC_0009943
2189,ISIC_0012512
2190,ISIC_0015983
2191,ISIC_0012986
2192,ISIC_0015078
2193,ISIC_0010852
2194,ISIC_0007760
2195,ISIC_0011171
2196,ISIC_0014440
2197,ISIC_0000390
2198,ISIC_0013166
2199,ISIC_0013676
2200,ISIC_0010237
2201,ISIC_0013953
2202,ISIC_0000372
2203,ISIC_0000368
2204,ISIC_0011398
2205,ISIC_0005639
2206,ISIC_0014946
2207,ISIC_0013414
2208,ISIC_0010606
2209,ISIC_0000034
2210,ISIC_0000128
2211,ISIC_0016048
2212,ISIC_0013032
2213,ISIC_0013554
2214,ISIC_0014919
2215,ISIC_0014548
2216,ISIC_0013601
2217,ISIC_0012884
2218,ISIC_0009083
2219,ISIC_0011132
2220,ISIC_0014289
2221,ISIC_0010466
2222,ISIC_0011295
2223,ISIC_0010856
2224,ISIC_0014062
2225,ISIC_0001296
2226,ISIC_0011306
2227,ISIC_0012442
2228,ISIC_0014028
2229,ISIC_0010595
2230,ISIC_0012250
2231,ISIC_0011105
2232,ISIC_0009975
2233,ISIC_0015357
2234,ISIC_0013663
2235,ISIC_0011229
2236,ISIC_0012663
2237,ISIC_0013082
2238,ISIC_0013458
2239,ISIC_0014664
2240,ISIC_0009035
2241,ISIC_0008992
2242,ISIC_0013073
2243,ISIC_0015614
2244,ISIC_0013935
2245,ISIC_0010066
2246,ISIC_0012789
2247,ISIC_0014688
2248,ISIC_0012173
2249,ISIC_0012804
2250,ISIC_0000421
2251,ISIC_0013315
2252,ISIC_0014156
2253,ISIC_0011297
2254,ISIC_0015149
2255,ISIC_0014713
2256,ISIC_0014742
2257,ISIC_0011199
2258,ISIC_0014855
2259,ISIC_0010581
2260,ISIC_0000048
2261,ISIC_0014735
2262,ISIC_0014395
2263,ISIC_0000223
2264,ISIC_0015129
2265,ISIC_0000295
2266,ISIC_0013306
2267,ISIC_0009884
2268,ISIC_0015157
2269,ISIC_0009583
2270,ISIC_0000458
2271,ISIC_0014605
2272,ISIC_0013489
2273,ISIC_0000514
2274,ISIC_0010190
2275,ISIC_0013010
2276,ISIC_0000054
2277,ISIC_0014059
2278,ISIC_0000376
2279,ISIC_0014825
2280,ISIC_0015950
2281,ISIC_0000275
2282,ISIC_0016023
2283,ISIC_0000119
2284,ISIC_0013595
2285,ISIC_0009970
2286,ISIC_0013205
2287,ISIC_0010216
2288,ISIC_0009974
2289,ISIC_0012311
2290,ISIC_0010086
2291,ISIC_0010572
2292,ISIC_0012551
2293,ISIC_0000143
2294,ISIC_0013561
2295,ISIC_0012777
2296,ISIC_0000382
2297,ISIC_0000259
2298,ISIC_0014682
2299,ISIC_0010240
2300,ISIC_0014879
2301,ISIC_0014586
2302,ISIC_0015603
2303,ISIC_0009992
2304,ISIC_0015110
2305,ISIC_0012211
2306,ISIC_0015140
2307,ISIC_0013948
2308,ISIC_0014746
2309,ISIC_0013921
2310,ISIC_0000261
2311,ISIC_0010014
2312,ISIC_0015948
2313,ISIC_0000139
2314,ISIC_0014288
2315,ISIC_0010055
2316,ISIC_0012090
2317,ISIC_0007332
2318,ISIC_0013184
2319,ISIC_0014692
2320,ISIC_0015411
2321,ISIC_0000346
2322,ISIC_0015936
2323,ISIC_0013288
2324,ISIC_0013405
2325,ISIC_0014542
2326,ISIC_0015071
2327,ISIC_0012990
2328,ISIC_0001128
2329,ISIC_0013961
2330,ISIC_0015958
2331,ISIC_0014284
2332,ISIC_0011384
2333,ISIC_0000206
2334,ISIC_0010435
2335,ISIC_0014663
2336,ISIC_0013891
2337,ISIC_0010104
2338,ISIC_0014944
2339,ISIC_0003559
2340,ISIC_0004110
2341,ISIC_0010213
2342,ISIC_0012550
2343,ISIC_0014037
2344,ISIC_0000407
2345,ISIC_0013929
2346,ISIC_0013341
2347,ISIC_0006671
2348,ISIC_0010439
2349,ISIC_0014263
2350,ISIC_0002836
2351,ISIC_0009923
2352,ISIC_0012248
2353,ISIC_0013230
2354,ISIC_0013808
2355,ISIC_0012126
2356,ISIC_0016068
2357,ISIC_0011163
2358,ISIC_0013795
2359,ISIC_0012672
2360,ISIC_0000314
2361,ISIC_0012786
2362,ISIC_0011385
2363,ISIC_0000046
2364,ISIC_0008993
2365,ISIC_0015163
2366,ISIC_0009078
2367,ISIC_0011378
2368,ISIC_0000337
2369,ISIC_0012676
2370,ISIC_0012213
2371,ISIC_0013429
2372,ISIC_0004337
2373,ISIC_0000207
2374,ISIC_0012905
2375,ISIC_0015082
2376,ISIC_0010372
2377,ISIC_0000412
2378,ISIC_0000236
2379,ISIC_0013996
2380,ISIC_0014809
2381,ISIC_0011353
2382,ISIC_0005620
2383,ISIC_0009946
2384,ISIC_0012658
2385,ISIC_0014164
2386,ISIC_0015220
2387,ISIC_0013045
2388,ISIC_0014158
2389,ISIC_0000012
2390,ISIC_0009869
2391,ISIC_0010465
2392,ISIC_0009881
2393,ISIC_0000051
2394,ISIC_0000258
2395,ISIC_0015627
2396,ISIC_0009918
2397,ISIC_0000483
2398,ISIC_0010061
2399,ISIC_0013086
2400,ISIC_0014979
2401,ISIC_0012259
2402,ISIC_0012318
2403,ISIC_0012902
2404,ISIC_0016037
2405,ISIC_0015978
2406,ISIC_0015987
2407,ISIC_0013167
2408,ISIC_0013012
2409,ISIC_0014385
2410,ISIC_0013526
2411,ISIC_0013394
2412,ISIC_0011101
2413,ISIC_0014833
2414,ISIC_0013395
2415,ISIC_0011110
2416,ISIC_0014730
2417,ISIC_0013738
2418,ISIC_0014372
2419,ISIC_0012143
2420,ISIC_0013747
2421,ISIC_0012374
2422,ISIC_0000133
2423,ISIC_0012118
2424,ISIC_0009961
2425,ISIC_0013552
2426,ISIC_0016071
2427,ISIC_0000154
2428,ISIC_0014908
2429,ISIC_0000191
2430,ISIC_0000370
2431,ISIC_0013434
2432,ISIC_0010183
2433,ISIC_0013975
2434,ISIC_0014498
2435,ISIC_0013708
2436,ISIC_0013177
2437,ISIC_0014382
2438,ISIC_0000363
2439,ISIC_0000484
2440,ISIC_0014580
2441,ISIC_0002829
2442,ISIC_0014089
2443,ISIC_0000492
2444,ISIC_0014823
2445,ISIC_0011127
2446,ISIC_0014290
2447,ISIC_0014784
2448,ISIC_0013048
2449,ISIC_0014522
2450,ISIC_0000283
2451,ISIC_0014286
2452,ISIC_0014867
2453,ISIC_0013517
2454,ISIC_0011387
2455,ISIC_0000177
2456,ISIC_0000074
2457,ISIC_0010567
2458,ISIC_0015127
2459,ISIC_0014771
2460,ISIC_0013910
2461,ISIC_0011339
2462,ISIC_0013007
2463,ISIC_0008236
2464,ISIC_0012178
2465,ISIC_0008528
2466,ISIC_0013696
2467,ISIC_0002616
2468,ISIC_0005187
2469,ISIC_0000513
2470,ISIC_0014572
2471,ISIC_0013196
2472,ISIC_0000457
2473,ISIC_0013908
2474,ISIC_0015270
2475,ISIC_0012360
2476,ISIC_0010071
2477,ISIC_0013403
2478,ISIC_0000149
2479,ISIC_0000423
2480,ISIC_0000408
2481,ISIC_0000027
2482,ISIC_0010056
2483,ISIC_0016055
2484,ISIC_0014573
2485,ISIC_0009800
2486,ISIC_0014073
2487,ISIC_0012889
2488,ISIC_0010445
2489,ISIC_0012877
2490,ISIC_0011157
2491,ISIC_0013673
2492,ISIC_0000539
2493,ISIC_0013789
2494,ISIC_0000281
2495,ISIC_0000529
2496,ISIC_0013839
2497,ISIC_0014702
2498,ISIC_0014046
2499,ISIC_0015030
2500,ISIC_0015993
2501,ISIC_0010599
2502,ISIC_0012261
2503,ISIC_0015369
2504,ISIC_0014529
2505,ISIC_0012494
2506,ISIC_0012151
2507,ISIC_0016025
2508,ISIC_0010029
2509,ISIC_0013487
2510,ISIC_0013443
2511,ISIC_0015204
2512,ISIC_0014527
2513,ISIC_0013634
2514,ISIC_0010318
2515,ISIC_0014667
2516,ISIC_0000536
2517,ISIC_0015193
2518,ISIC_0013190
2519,ISIC_0013680
2520,ISIC_0013034
2521,ISIC_0011323
2522,ISIC_0012417
2523,ISIC_0013374
2524,ISIC_0014619
2525,ISIC_0012135
2526,ISIC_0014807
2527,ISIC_0014940
2528,ISIC_0010073
2529,ISIC_0000122
2530,ISIC_0013335
2531,ISIC_0000510
2532,ISIC_0008280
2533,ISIC_0000096
2534,ISIC_0010554
2535,ISIC_0007557
2536,ISIC_0011383
2537,ISIC_0001118
2538,ISIC_0014291
2539,ISIC_0010351
2540,ISIC_0014923
2541,ISIC_0009915
2542,ISIC_0000201
2543,ISIC_0000040
2544,ISIC_0000137
2545,ISIC_0007156
2546,ISIC_0000188
2547,ISIC_0013106
2548,ISIC_0000393
2549,ISIC_0013473
2550,ISIC_0015190
2551,ISIC_0013777
2552,ISIC_0000418
2553,ISIC_0000300
2554,ISIC_0002879
2555,ISIC_0013500
2556,ISIC_0012674
2557,ISIC_0010062
2558,ISIC_0011301
2559,ISIC_0015636
2560,ISIC_0000081
2561,ISIC_0000179
2562,ISIC_0013778
2563,ISIC_0013216
2564,ISIC_0015412
2565,ISIC_0010573
2566,ISIC_0000079
2567,ISIC_0015496
2568,ISIC_0013208
2569,ISIC_0011165
2570,ISIC_0008879
2571,ISIC_0000029
2572,ISIC_0011336
2573,ISIC_0000092
2574,ISIC_0012363
2575,ISIC_0014693
2576,ISIC_0015156
2577,ISIC_0010234
2578,ISIC_0011225
2579,ISIC_0010178
2580,ISIC_0014457
2581,ISIC_0011397
2582,ISIC_0012105
2583,ISIC_0014094
2584,ISIC_0016050
2585,ISIC_0014217
2586,ISIC_0013523
2587,ISIC_0013320
2588,ISIC_0011120
2589,ISIC_0014092
2590,ISIC_0010169
2591,ISIC_0010474
2592,ISIC_0009988
2593,ISIC_0015974
